LEAGUE,TWEET
NBA,Unusual recent sight at FedExForum: Fans leaving midway in 4th qtr because #Griz are blowing out opponent. #NBA #PlayoffReady #Bulls
NBA,RT @thomasj17431826: AUDIO OF DONALD TRUMP THUG THREATENING TO SLIT THROAT OF ABUSED WOMEN WHO FILED CHARGES
NBA,Sorry #Bucks fans. It's #CavsNation tonight! 109-80 Final score
NBA,#CavsBucks #Cavs win by 29 #nba #NBAPlayoffs
NBA,RT @NHL2Seattle: I'm starting to feel a little bit more "shovel ready" lately  how about you? #NHL #Seattle #seattlearena #vacation #NBA @S‚Ä¶
NBA,#NBA #Thunder Youth L ADIDAS NBA Authentic OKC Oklahoma City Thunder Hoodie Sweatshirt Top https://t.co/sWZAJP4AKD #Deals #Bargains
NBA,#NBA #Celtics 2013/14 Panini Crusade JARED SULLINGER JERSEY QUEST CELTICS /25 E3684 https://t.co/3MaQ6AvObr #TFBJP
NBA,#Oklahoma #Thunder OKC OKLAHOMA CITY THUNDER "ADIDAS" KEVIN DURANT RARE ALTERNATE JERSEY Size XL https://t.co/0Nqp9E80Is #NBA #Durant
NBA,E deu Cleveland. 109-80. 
NBA,JR Smith tava endiabrado hoje. Gastou a bola. üëèüèÄ#NBA #Cavs
NBA,#nba Seriously  is there anyone in the association that travels more than LeBron and GETS AWAY WITH IT? #HappyFeet #Cavs #FranchiseClause
NBA,76ers se aleja del peor record de su historia al ganar a New Orleans. https://t.co/US98n4ekkl v√≠a @siempresport #NBA #76ers #Philadelphia
NBA,Can I just say "Wow"? #COED #branding #iloveitthough #NBA #basketball #getfitstayfit #sports #competition #healthyliving #gymgoals #gymlife
NBA,14-1 these last few üèÄ days.. We been hooping. ..n my finger still in the sling off the court. üí™ üèÄ#NBA #BALLISLIFE #IjcHtcüí™
NBA,RT @CavsNationNet: Oh my goodness  JR.... Number 7! #CavsNation #Cavs #Bucks #NBA https://t.co/0KMF5rGGQ0
NBA,The experts are calling @LineStarApp the Fast Track to #DFS Success! Don't wait any longer! ‚Üí https://t.co/m67TL34oxg üî•  #NBA #MLB #NHL #PGA
NBA,Boy get out of here with that red velvet Tyler perry grandma hat At the game ! #exposed @nba #nba https://t.co/cIMfgavltT
NBA,Si vas a un juego de la #nba no puedes perder un chance as√≠. #reggiejackson https://t.co/qbPBsdgo9P
NBA,#NBA Nick Young Secretly Filmed By Teammate  Admits He Cheated on Iggy https://t.co/ZmB2RJfFxR
NBA,RT @CavsNationNet: Irving‚û°Ô∏èLove‚û°Ô∏èJames!! #CavsNation #Cavs #Bucks #NBA https://t.co/4seAnrE2sK
NBA,Monroe Beats The Buzzer: Greg Monroe strokes the jumper to beat the first half buzzer. https://t.co/yqoogeBVNW #NBA
NBA,RT @NLVCommittee: Out of the 3 franchise's in the #NBA who is in a better position moving forward #futureofwork please &amp; vote #NLVC
NBA,#NBA TOP VIDEO - Monroe Beats The Buzzer: Greg Monroe strokes the jumper to beat the fi... https://t.co/AafTmLIvs8 https://t.co/lQmogZfBKD
NBA,RT @xtbball Monroe Beats The Buzzer: Greg Monroe strokes the jumper to beat the first half buzzer. https://t.co/9RZfw26Tcg #NBA #video
NBA,#sports Monroe Beats The Buzzer: Greg Monroe strokes the jumper to beat the first half buzzer. https://t.co/xzsj7n91MV #NBA #basketball
NBA,DRAGON( ‚óú‚ó°‚óù ) #NBA
NBA,NBA: The Top 5 Point Guards in the Playoffs https://t.co/YizSIo9X9b
NBA,#NBA #Playoffs #Steph #CP3 #Westbrook #Lillard #Kyrie
NBA,#NBA Warriors Win Despite Being Tested At Home By #Wizards  Pull Another Game ... https://t.co/U4R11xOypR https://t.co/xOhfBoEurm
NBA,RT @Dico93: "Kyrie Irving" crosses; Kobe Bryant  Kevin Durant  and James Harden‚ÄºÔ∏è #NBA #AllStar! (Vine by @LeBronJames) https://t.co/dDJ9Y5‚Ä¶
NBA,New InstaNBA: https://t.co/F0Z6glvzIz #NBA Bucks  Milwaukee Bucks  Instagram  NBA  video
NBA,New InstaNBA: https://t.co/Lw5NBdvZ2W #NBA Thunder  Oklahoma City Thunder  Instagram  NBA  video
NBA,New InstaNBA: https://t.co/EmcDq4og4S #NBA Thunder  Oklahoma City Thunder  Instagram  NBA  video
NBA,#NBA #Fanalytics Projection #PORvsSAC
NBA,Portland Trail #Blazers
NBA,#NBA VIDEO: D.J. Augustin nails 75-foot shot to beat the buzzer https://t.co/KJ8tJbaHSl https://t.co/OGxUUZMVOd
NBA,#jordan #nba Air Jordan Retro 12 Master Men's Size 11 https://t.co/VlQ2JSbQnD #forsale #airjordan
NBA,Mavericks will face a red-hot James Harden in critical mathup vs. Rockets https://t.co/U5jUbwkCOc #Mavericks #NBA https://t.co/g2rOGP9NG8
NBA,#jordan #nba Nike Air Jordan Retro 12 XII "The Master" Mens Size 10.5 (Footlocker Purchase) https://t.co/iBBBittT4E #forsale #airjordan
NBA,#jordan #nba Jordan 7 Cardinal sz 10 https://t.co/HbaIs4OpLL #forsale #airjordan
NBA,#NBA Sixers avoid infamy by routing Pelicans for 10th win of season https://t.co/9YAtxCMT6F https://t.co/S6W0uyUH50
NBA,[NBA] - Postgame press conference: MEMvCHI https://t.co/sUpZ7UNKoW #Clippers #NBA
NBA,‚ù§#NBA #AtlantaHawks NIKE Shareef Abdur-Rahim Atlanta Hawks #3 Jersey - Youth Size Large #Hawks #Sports https://t.co/SJQ0dQUmJF
NBA,#NBA @ Ï¢ÖÎ°úÍµ¨ ÏùµÏÑ†Îèô https://t.co/wVrpaTRm2F
NBA,#jordan #nba Air Jordan Retro 12 "The Master" https://t.co/os5VMQpL8M #forsale #airjordan
NBA,‚ù§üíú#Goods #Westbrook Bowman 2008 #NBA RC #RussellWestbrook - OKC - Orange Border #'d‚Ä¶ https://t.co/ItXAjJ2poU https://t.co/kp4M3X15bJ
NBA,#NBA #Cards 2014-15 Panini Noir MBA Tag Patch Derrick Rose #Jersey Number 1/2 1/1 # Bulls https://t.co/IVTBnt6nMD #Sporting
NBA,#jordan #nba Jordan 12 Wings (Limited to 12 000 Pairs) 100% Guarnteed https://t.co/9FGm2XrEu9 #forsale #airjordan
NBA,#NBA VIDEO: Sixers fans serenade Carl Landry with MVP chants https://t.co/eBCaVTWyrs https://t.co/XQgmijuFYT
NBA,76ers top Pelicans to avoid tying league mark for futility https://t.co/fs8Rd6CUwj #nba
NFL,#PhiladelphiaEagles Philadelphia Eagles Nike Pullover Medium:  $24.99End Date: Sunday Apr-1... https://t.co/Uy5sQ1iNeK #Philly #NFL #ESPN
NFL,TIX üèàhttps://t.co/ke7quNRAwA üèà- Watch #Broncos Bringing A #SuperBowl Title To Denver in 2016 #NFL #Ticket #Tickets‚Ä¶ https://t.co/iq5ylM2Yss
NFL,#RayRice #Trends 2011 Gridiron Gear Ray Rice #27/49 JERSEY NUMBER Panini BALTIMORE RAVENS F0045 https://t.co/j3MpUXmE7e #NFL #Football
NFL,#NFL #Cards John Elway SP - Insert - RARE 29 Card Mega High End Lot Denver Broncos $$ LOOK https://t.co/wfQEa8pPeA #Card #Football
NFL,#NFL #Eagles #PhiladelphiaEagles #54 Graham Black size 48 M #Jerseys https://t.co/ZIVdGbaJVp #Discount #Deal https://t.co/aPr2jMBuEz
NFL,#NFL #BuffaloBills Super Bowl XXV Silver Anniv. Helmet New York Giants/‚Ä¶ https://t.co/2RrQY4RgLJ #Buffalo #ESPN https://t.co/FFNScmMKdz
NFL,VIDEO: Giants' Victor Cruz shows off recovering calf https://t.co/UujrEWg70q #NFL
NFL,#Fan Vintage Men's #Reebok Cincinnati #Bengals Peter WARRICK #80 #NFL #Jersey -‚Ä¶ https://t.co/dYDneViJMC #Football https://t.co/4oY93cKyEh
NFL,Baltimore #Ravens Football Signature Full Size Authentic #NFL Team Logo Football https://t.co/xThgSK2pBm #Football https://t.co/sJ4gvs7wHN
NFL,2014 #Topps CHROME AARON DONALD #Rookie GOLD REFRACTOR /50 (ST.LOUIS #Rams) https://t.co/D0zDtljcGi #NFL https://t.co/63NRcdqS0z
NFL,#NFL RAY RICE Baltimore #Ravens INTRO LICENSED unsigned picture poster 8x10 photo https://t.co/RcXBRu8xsA https://t.co/7x7uZx6CwC
NFL,Cleveland #Browns NFL Scrub Pants Size Large Drawstring Football Unisex https://t.co/frQUZhR6IM #NFL #Football https://t.co/hdb23mWAUF
NFL,Los Angeles #Rams #NFL AFL Custom Large Flag 3x5 Feet St Louis #Rams LA 2016‚Ä¶ https://t.co/Bsl9EoEbXe #Fan #Apparel https://t.co/WKpqpRggCN
NFL,#PeytonManning #Card Peyton Manning 18 card lot https://t.co/uzXichuDIr #Cards #NFL #Sports https://t.co/66dCf42R1l
NFL,#NFL #Apparel NFL TeenyMates - Series One (1) - Baltimore #Ravens QB (Quarterback) Figure https://t.co/MBg51SHAx6 https://t.co/SYk7T4SLI2
NFL,#NFL #Football Limited Edition Series D Cleveland #Browns Football - MIB https://t.co/lK9PLpAk0w https://t.co/xfgbsOYy4t
NFL,Washington #Redskins Lot of 20 different https://t.co/ge8rgOGT5q #NFL https://t.co/NxHMh71p28
NFL,#NFL Vintage Men's #Reebok Cincinnati #Bengals Peter WARRICK #80 NFL #Jersey -‚Ä¶ https://t.co/ifDngjUMpD #Apparel https://t.co/YA84JHldiQ
NFL,#NFL Indianapolis #Colts Keychain NEW Horseshoe #Football https://t.co/pC4OBz1JEf #Buzz #Onsale https://t.co/OomLRMa8zC
NFL,#NFL BALTIMORE #Ravens YOUTH GIRLS #Shirt EUC SIZE LARGE 10-12 RARE https://t.co/OcfUh9xft5 #Football #Fan https://t.co/UMiG6g35MN
NFL,#Collectibles #Buzz SAN FRANCISCO #49ers #NFL HELMET METAL BROOCH/PIN https://t.co/gt5a8KGa4H #onsale #Discount https://t.co/5hvF19TNsc
NFL,2015 Salute to Service STS #Shirt ST. LOUIS #Rams RARE LARGE L LARGE https://t.co/OiJVYoorie #NFL #Football https://t.co/PQ8rdRAw0A
NFL,#SuperBowl50 TIX üèàhttps://t.co/OCawDiE0mt üèà- Denver #Broncos vs. Carolina #Panthers. #Tickets #Ticket #NFL‚Ä¶ https://t.co/VpPC1ruORW
NFL,#NFL Washington #Redskins Automatic Folding Umbrella https://t.co/8qJwBqtWY7 #Bargains #Sale https://t.co/HD1RTSyRcz
NFL,#NFL #Seahawks #Card SEATTLE SEAHAWKS 2015 Panini Prizm Hobby Football 6BOX‚Ä¶ https://t.co/iLJRexb49k #Cards #Bargain https://t.co/LzwHIGbqoN
NFL,#NFL 2013 5X7" NFL TRADEABLE FATHEAD Andy Dalton Cincinnati #Bengals https://t.co/2jKY699rQy https://t.co/9tCsL0culY
NFL,#NFL #FootBall NWT NFL Seattle #Seahawks Size XL Women's L/S Shirt https://t.co/smcVar6AJh #Collectible #onsale https://t.co/GAKWCmVABy
NFL,#Football #NFL Breakaway Lanyard Keychain TEAM COLOR Official licensed ( ALL TEAMS ) https://t.co/r0LPOmCxCi #Fan https://t.co/Fw96XUeQw9
NFL,YOUTH'S #NFL WASHINGTON #Redskins layered look LONG SLEEVE #Shirt medium https://t.co/6VKJY9RPK3 #Fan #Apparel https://t.co/aGJyyRiCDy
NFL,#Sport #Buzz Vintage Reebok Miami Dolphins Aron Taylor #99 #NFL #Jersey‚Ä¶ https://t.co/kdNBPS7R30 #MiamiDolphins https://t.co/93tIeQ0g9o
NFL,Cheerleader Cheerleaders NFL Top San Diego #Chargers 6x8 HQ Photo 2356 https://t.co/BAetNCB2ja #NFL #Apparels https://t.co/zcgvTuVLcd
NFL,#NFL #49ers SAN FRANCISCO 49ERS NFL HELMET METAL BROOCH/PIN https://t.co/Qqx4nxky3Z #FootBall #Bargains https://t.co/g7HJuT7lqz
NFL,#NFL Cincinnati Bengals/ Andy Dalton QB #RookieS INSERTS https://t.co/s7VbhXNymU #ESPN https://t.co/gZs62UwRaE
NFL,Youth Minnesota #Vikings Adrian Peterson Medium (10-12) Reebok #NFL Team‚Ä¶ https://t.co/njTrRiygwQ #Fan #Apparel https://t.co/DcXOP3z4Ns
NFL,#Seahawks #Shirt Super Bowl XLVIII Champions Seattle Seahawks Russell Wilson‚Ä¶ https://t.co/lDNLAcvSss #NFL #TShirt https://t.co/BMGjbPNOYK
NFL,#MiamiDolphins Vintage #NFL Miami Dolphins Hat Cap Snapback Zubaz Flex‚Ä¶ https://t.co/Jvnh4llWVj #Sports #Deals https://t.co/5vd1KSAD9K
NFL,#NFL #PeytonManning DIGITAL Topps Huddle Cam Newton Peyton Manning‚Ä¶ https://t.co/fFRdK9SGQP #Broncos #Bestseller https://t.co/QFf3dW4Z6G
NFL,#NFL #Football New Orleans #Saints #TShirt Size Small Child's Size 8 https://t.co/RNWAnuTklO #Sports #Sale https://t.co/WX2wJHhRNj
NFL,#NFL ATLANTA #Falcons MOISTURE WICKING NFL TEAM APPAREL MENS XL LONG SLEEVE #Shirt https://t.co/0JsB5viIDb #Apparel https://t.co/tP7KGN0NGg
NFL,#Seattle #Seahawks NWT NFL Seattle Seahawks Size XL Women's L/S Shirt https://t.co/L3KBXYjWd8 #NFL #Goods #Deals https://t.co/6CQnu2jcEn
NFL,#NFL #49ers #Cards 2015 Dwight Clark Topps Supreme Autographs Gold Parallel‚Ä¶ https://t.co/m5NaOwYupZ #Card #FootBall https://t.co/6EMXWBVZpx
NFL,#NFL #Football Brand New Miami #Dolphins Throwback #13 Dan Marino Black‚Ä¶ https://t.co/JUfzM8YMtO #Sporting #Goods https://t.co/DerM2QiA1x
NFL,#NFL 1982 #Topps Ozzie Newsome Cleveland #Browns #67 #Football #Card https://t.co/bZPI3JleCB
NFL,JACKSONVILLE #Jaguars BYRON LEFTWICH #NFL #Football #Jersey (52-2X)‚Ä¶ https://t.co/Q1wsTeKNfl #Buzz #Mall https://t.co/om5GpkuJOM
NFL,#NFL #Cards Arizona #Cardinals Autograph And Parallel Lot Larry Fitzgerald https://t.co/kgkOXeMkoS #Card #Football https://t.co/pZ4haa1Bxm
NFL,DARRELL GREEN PLAQUE WASHINGTON #Redskins FOOTBALL NFL https://t.co/9hAqectHJ9 #NFL #Football https://t.co/lxTMZsuVcR
NFL,#NFL #Football Buffalo Bills Decal/Sticker https://t.co/CLFwaPD46A #BuffaloBills #Buzz
NFL,Jacksonville #Jaguars Team Apparel #TShirt NFL Gray Sz XL https://t.co/0N5lSMcunO #NFL #Football https://t.co/M7EQ6QTfBt
NFL,Dallas Cowboys Danbury Mint 19... https://t.co/9nRFBrdxw5 #cowboys #dallascowboys #nfl | https://t.co/GWbaS1CQZf https://t.co/StmmXjwRvn
MLB,#MLB F√©lix Hern√°ndez fue autocr√≠tico tras la derrota https://t.co/tomP0ricom https://t.co/7HwH2m8f6H
MLB,RT @InfirmaryReport: Opening week #MLB Injury Report courtesy of @DavidMarcillo77 https://t.co/V0fE6lqUMY @SportsBlogRT @SportsArticleRT ht‚Ä¶
MLB,MLB 2016 TOPPS GYPSY QUEENS 
MLB,#‰ªôÂè∞ #‰πÉÊú®ÂùÇ46  #MLB https://t.co/xLyIrJj15K
MLB,Jos√© Bautista recibe su 5ta BB de la temporada. #MLB #BlueJays
MLB,GOAT broadcaster Vin Scully explains the meaning of GOAT https://t.co/aBUo6EfOXM -Mashable  #mlb #sports #entertainment
MLB,RT @ScottyMacThinks: Well  kids. #BlueJays #MLB #Rays
MLB,RT @TMNTPodcast: Best Seats at Yankee Stadium? You know you hav to dress up for the occasion! https://t.co/5NokcAkhYF #TMNT #MLB #GoNinjaGo
MLB,Finally #baseball is back. #OpeningDay baby. Let's go #Tigers make this season magical. #MLB‚Ä¶ https://t.co/CQNi4Vu6WE
MLB,RT @sigg20: One of the best Power Hitting Combos of All Time Milwaukee Braves Eddie Matthews and Hank Aaron in 1964.#MLB #Braves https://t.‚Ä¶
MLB,RT @edpix: 2 April 2016: A 360 Degree View of Olympic Stadium with 52 420 baseball fans. #mlb #baseball https://t.co/klPcNf2Mfi
MLB,Padres Baseball! Dodgers at Padres has started. Starting Pitchers: LAD S Kazmir vs. SD J Shields. (ESPN) https://t.co/h2PqRgDCJ3 #MLB
MLB,Chicago White Sox vs. Oakland Athletics Good stream!! Watch ‚öæ #MLB online in HD (FREE) https://t.co/0IvwJKsIvE #CHWvsOAK
MLB,RT @ScottyMacThinks: Well  kids. #BlueJays #MLB #Rays
MLB,‚öæFREE LIVE STREAM FOR #MLB FANS!! Colorado Rockies vs. Arizona Diamondbacks https://t.co/0IvwJKsIvE #COLvsARI
MLB,@arod It was an honor to recognize Suzyn Waldman. A pioneer. #NYYHomecoming #yankees #mlb @yankees https://t.co/rl578R2QC8
MLB,RT @ScottyMacThinks: Well  kids. #BlueJays #MLB #Rays
MLB,@arod It was an honor to recognize Suzyn Waldman. A pioneer. #NYYHomecoming #yankees #mlb @yankees https://t.co/lUEDgomriP
MLB,RT @researchandwin: Annnnnnnd after a great outing for Sanchez  Brett Cecil blows it in a handful of pitches #mlb #dfs
MLB,Well  kids. #BlueJays #MLB #Rays
MLB,#Toronto #BlueJays VTG Toronto Blue Jays Trucker Snapback Hat #MLB‚Ä¶ https://t.co/wdF2b6pCuA #Collectible #Buzz https://t.co/vsVZEeWowH
MLB,#Cardinals #Goods St.Louis #Cardinals #Baseball #MLB LARGE Mesh Batting‚Ä¶ https://t.co/dGxXoAV9gU #Shopping #Store https://t.co/wo7sAcw6A8
MLB,#Collectibles #Buzz #MLB St Louis #Cardinals Majestic Authentic‚Ä¶ https://t.co/4lOuYYdFmt #Discount #Auction https://t.co/1n9zSoDmCc
MLB,#RF 2016 #Topps Heritage Chrome Purple Refractor JOSE BAUTISTA F https://t.co/NfM4XGeWQ3 #MLB #Baseball https://t.co/chxF4BZINW
MLB,#MLB #Brewers 2015 #Topps Tier One Ryan Braun 3/10 Silver Acclaimed‚Ä¶ https://t.co/vJWAadGCqk #Forsale #onsale https://t.co/h3Qsi8MuTE
MLB,Listed Pitchers
MLB,#SportsBetting
MLB,#MLB #Baseball VTG 90'S TORONTO #BlueJays LOGO ATHLETIC SNAPBACK HAT NEW‚Ä¶ https://t.co/PDH1Da0DT2 #Sporting #Goods https://t.co/wO5fIu3moG
MLB,#MLB #Cards 1966 66 #Topps Dennis Aust / Bob Tolan Rookie / RC # 179 St.‚Ä¶ https://t.co/LPHuAxP5D6 #Baseball #Card https://t.co/1IIZCgq2ZZ
MLB,#MLB #Cards 2015 Bowman Prospects #BP109 Domingo Santana Milwaukee #Brewers https://t.co/nqSb7Di4BR #Baseball #Card https://t.co/nfAWciQbSY
MLB,#MLB #Baseball St. Louis #Cardinals Snapback Hat 47 Brand Red Hat https://t.co/lNVcyrSkIw #Forsale #onsale https://t.co/J2qhbtBToQ
MLB,@ODawgBKS1 is talking sports LIVE NOW &amp; Every Tues 9:00-11:00 est on https://t.co/bGdn5uoQ9X #NFL #MLB #NBA @InTheGameBKS1 @BKS1RadioEnt
MLB,#orioles #mlb Brett Hollander Talks Ravens Draft And Orioles With Jeff Zrebiec https://t.co/lYFO9jIfdm
MLB,RT @CSNGiants: Crawford goes second deck to tie this game up 1-1. Follow along: https://t.co/6EJPgcf58H #MLB #SFGiants #Brewers https://t.c‚Ä¶
MLB,#pirates #mlb #PittsburghStrong https://t.co/v7cQfl3D3l
MLB,Fans wear their hats in #openingday #baseballisback #mlbatbat #detroit #tigersbaseball #mlb‚Ä¶ https://t.co/IzBgx3IR6j
MLB,The Cubs aren't blocked out on The MLB Package  but The Giants/Brewers is? Yeah  that makes sense. #MLB #SFGiants
MLB,#MLB: Por los #Astros  Jos√© Altuve 4-1  2CA  BB; Luis Valbuena 4-1  2CI  Marwin Gonz√°lez 4-0  3K. #VENEZUELA
MLB,When I'm #MLB comish no ball caps can be worn cockeyed! #BlueJays #Jays
MLB,God bless the A's staff for conducting stadium repairs with electric drills while the team is playing. #Oakland #MLB #baseball
MLB,Colome: just another piece of shit baseball player who looks sloppy with his hat crooked. #tampa bay #rays #mlb
MLB,Hate to see Bautista on base. Bleh. #MLB
MLB,RT @MibeltRodriguez: 10 K for Jake Odorizzi over 5 2/3 innings #Rays #MLB
MLB,Nap-‚úÖ now let's see if I can stay awake for the #WhiteSox game tonight #MLB Damn you! West coast games
MLB,RT @liderendeportes: #MLB | #VIDEO: "Big Papi" son√≥ cuadrangular en victoria sobre Indios | |https://t.co/wpX5nEO6Ue  https://t.co/6vew9Rd8‚Ä¶
MLB,#MLB Se da inicio al juego #Dodgers vs #Padres en el Petco Park
MLB,TIKI TAKA #nba #mlb #f1 #sk8 #ufc #curry #nyy #surf #messi #neymar #cr7 #warriors #dubnation https://t.co/bTydNs8EI8 https://t.co/KEnJQx68Xg
MLB,Opening week #MLB Injury Report courtesy of @DavidMarcillo77 https://t.co/V0fE6lqUMY @SportsBlogRT @SportsArticleRT https://t.co/ft71tqjZ73
MLB,#Marlins cut the lead to 5 - 4 - Yelich hit sacrifice fly to center  Gordon scored. #MLB @MLB #Baseball #Tigers
MLB,Ok @BlueJays  1 out  bases loaded  Edwin up. This is your time to make a comeback!!  #mlb
MLB,RT @MLBHomeRun: Rob Manfred says Jenrry Mejia will be given 'fair consideration' for reinstatement https://t.co/D1ohcVq49W #MLB #baseball